Workbook

Sheet Portfolio Dashboard
A1: Portfolio Allocation & Monte Carlo Investment Simulation
A3: Total Starting Portfolio | B3: =Assumptions!B4 -> 100000 | D3: Asset | E3: Weight | F3: Starting Allocation ($) | G3: Mean Return
A4: Time Horizon | B4: =Assumptions!B5 -> 40 | D4: S&P 500 | E4: =Assumptions!E4 -> 0.16666667 | F4: ='1st - S&P'!C2 -> 16666.667 | G4: ='1st - S&P'!C3 -> 0.1047
A5: Simulation Iterations | B5: =Assumptions!B6 -> 10000 | D5: QQQ Trust | E5: =Assumptions!E5 -> 0.16666667 | F5: ='2nd Stock - QQQ'!C2 -> 16666.667 | G5: ='2nd Stock - QQQ'!C3 -> 0.17
A6: Benchmark | B6: =Assumptions!B7 -> S&P 500 | D6: VTI | E6: =Assumptions!E6 -> 0.16666667 | F6: ='3rd - VTI'!C2 -> 16666.667 | G6: ='3rd - VTI'!C3 -> 0.1231
A7: Model Type | B7: =Assumptions!B8 -> Monte Carlo return simulation | D7: INDA | E7: =Assumptions!E7 -> 0.16666667 | F7: ='4th - INDA'!C2 -> 16666.667 | G7: ='4th - INDA'!C3 -> 0.0515
A8: Purpose | B8: =Assumptions!B9 -> Sample portfolio analysis for portfolio website | D8: MCHI | E8: =Assumptions!E8 -> 0.16666667 | F8: ='5th - MCHI'!C2 -> 16666.667 | G8: ='5th - MCHI'!C3 -> 0.0204
D9: MSCI | E9: =Assumptions!E9 -> 0.16666667 | F9: ='6th - MSCI'!C2 -> 16666.667 | G9: ='6th - MSCI'!C3 -> 0.104
D10: Total | E10: =SUM(E4:E9) -> 1 | F10: =SUM(F4:F9) -> 100000
A11: Key Simulation Outputs
A12: Metric | B12: Benchmark | C12: Portfolio | D12: Difference | E12: % Difference
A13: Median Ending Value | B13: 3382680.6 | C13: 11188315 | D13: =C13-B13 -> 7805634.9 | E13: =D13/B13 -> 2.3075294
A14: Mean Ending Value | B14: 5441242.1 | C14: 18667441 | D14: =C14-B14 -> 13226199 | E14: =D14/B14 -> 2.4307316
A15: Std. Dev. Ending Value | B15: 7023783.1 | C15: 25096344 | D15: =C15-B15 -> 18072561 | E15: =D15/B15 -> 2.5730523
A16: Risk-Adjusted Mean / St. Dev. | B16: =B14/B15 -> 0.77468824 | C16: =C14/C15 -> 0.74383109 | D16: =C16-B16 -> -0.030857143
A18: Percentile Outcomes
A19: Percentile | B19: Benchmark | C19: Portfolio | D19: Difference | E19: % Difference
A20: 5th | B20: 617891.42 | C20: 2032770.6 | D20: =C20-B20 -> 1414879.2 | E20: =D20/B20 -> 2.2898509
A21: 25th | B21: 1721316.6 | C21: 5558439.4 | D21: =C21-B21 -> 3837122.8 | E21: =D21/B21 -> 2.2291791
A22: 75th | B22: 6427416 | C22: 22263300 | D22: =C22-B22 -> 15835884 | E22: =D22/B22 -> 2.4638025
A23: 95th | B23: 16981975 | C23: 58894251 | D23: =C23-B23 -> 41912276 | E23: =D23/B23 -> 2.4680448
A25: Portfolio Website Description
A26: Project Title | B26: Portfolio Allocation & Monte Carlo Investment Simulation
A27: Short Description | B27: Excel model simulating a multi-asset portfolio using return/volatility assumptions, benchmark comparison, percentile outcomes, and a dashboard.
A28: Skills Demonstrated | B28: Excel modeling, portfolio allocation, risk metrics, scenario analysis, data visualization
A29: Recommended Website Use | B29: Use dashboard screenshots on the site; make the workbook an optional download.
A30: Caution | B30: Educational sample only, not investment advice.
A32: Modeling Note | B32: Dashboard results are normalized to the $100,000 illustrative portfolio shown in Assumptions. Raw simulation sheets are retained for transparency.
A33: Formula Note | B33: Allocation inputs are linked to Assumptions. Simulation outputs use saved Monte Carlo results scaled for portfolio presentation.

Sheet Model Guide
A1: About This Model
A3: Section | B3: Description
A4: Objective | B4: This workbook demonstrates a sample investment portfolio model built in Excel for finance analytics portfolio use.
A5: Methodology | B5: The model uses assumed mean returns and standard deviations to simulate long-term ending values for individual assets and a benchmark.
A6: Portfolio Construction | B6: The portfolio is split across six assets using editable weights in the Assumptions sheet.
A7: Benchmark | B7: The benchmark scenario uses the S&P 500 assumption tab for comparison.
A8: Key Outputs | B8: Dashboard includes median, mean, standard deviation, percentile outcomes, benchmark comparison, and allocation summary.
A9: Recruiter View | B9: The dashboard is designed to show practical Excel modeling, linked formulas, financial assumptions, and visual presentation.
A10: How to Use | B10: The dashboard normalizes the saved simulation output to a cleaner $100,000 sample portfolio for presentation. Raw model tabs remain available for audit trail and formulas.
A11: Website Tip | B11: Post dashboard screenshots first; make the Excel file an optional download rather than the only way to view the work.
A13: Suggested Project Blurb | B13: Built a multi-asset Excel portfolio simulation model with benchmark comparison, return assumptions, risk metrics, and percentile-based outcomes to demonstrate finance modeling and spreadsheet analysis skills.
A15: Quality Notes | B15: Raw calculation sheets are retained for transparency. New professional-facing tabs are Portfolio Dashboard, Assumptions, and Model Guide.
A17: Disclaimer | B17: For educational demonstration only. Not investment advice.
A18: Sources | B18: References are listed in the Assumptions sheet as plain-text URLs.

Sheet Assumptions
A1: Portfolio Model Assumptions
A3: Input | B3: Value | D3: Asset | E3: Weight | F3: Linked Sheet
A4: Total Starting Portfolio ($) | B4: 100000 | D4: S&P 500 | E4: 0.16666667 | F4: 1st - S&P
A5: Time Horizon (Years) | B5: 40 | D5: QQQ Trust | E5: 0.16666667 | F5: 2nd Stock - QQQ
A6: Simulation Iterations | B6: 10000 | D6: VTI | E6: 0.16666667 | F6: 3rd - VTI
A7: Benchmark | B7: S&P 500 | D7: INDA | E7: 0.16666667 | F7: 4th - INDA
A8: Model Type | B8: Monte Carlo return simulation | D8: MCHI | E8: 0.16666667 | F8: 5th - MCHI
A9: Purpose | B9: Sample portfolio analysis for portfolio website | D9: MSCI | E9: 0.16666667 | F9: 6th - MSCI
A10: Last Updated | B10: 46161.667 | D10: Total | E10: =SUM(E4:E9) -> 1
A12: Notes / Sources
A13: Historical return and volatility inputs are sample assumptions from the original workbook.
A14: Public data reference for S&P 500 benchmark | B14: https://www.spglobal.com/spdji/en/indices/equity/sp-500/
A15: Public ETF reference for QQQ | B15: https://www.invesco.com/qqq-etf/en/home.html
A16: Public ETF reference for VTI | B16: https://investor.vanguard.com/investment-products/etfs/profile/vti
A17: Model note | B17: Workbook is for educational/portfolio demonstration only; not investment advice.

Sheet Overview
D2: Breakdown
D3: Benchmark | F3: Our Portfolio
C4: Median return | D4: ='Benchmark to beat'!G2 -> 3364424.6 | F4: ='1st - S&P'!G2+'2nd Stock - QQQ'!G2+'3rd - VTI'!G2+'4th - INDA'!G2+'5th - MCHI'!G2+'6th - MSCI'!G2 -> 6907060.8
C5: Mean return | D5: ='Benchmark to beat'!G3 -> 5375035.9 | F5: ='1st - S&P'!G3+'2nd Stock - QQQ'!G3+'3rd - VTI'!G3+'4th - INDA'!G3+'5th - MCHI'!G3+'6th - MSCI'!G3 -> 12607255
C6: St. Dev. | D6: ='Benchmark to beat'!G4 -> 6432950.5 | F6: ='1st - S&P'!G4+'2nd Stock - QQQ'!G4+'3rd - VTI'!G4+'4th - INDA'!G4+'5th - MCHI'!G4+'6th - MSCI'!G4 -> 18696532
D8: Percentile Table
D9: Benchmark | F9: Our Portfolio
D10: 0.05 | E10: ='Benchmark to beat'!J2 -> 642808.28 | F10: ='1st - S&P'!J2+'2nd Stock - QQQ'!J2+'3rd - VTI'!J2+'4th - INDA'!J2+'5th - MCHI'!J2+'6th - MSCI'!J2 -> 1113600.2
D11: 0.25 | E11: ='Benchmark to beat'!J3 -> 1684347.3 | F11: ='1st - S&P'!J3+'2nd Stock - QQQ'!J3+'3rd - VTI'!J3+'4th - INDA'!J3+'5th - MCHI'!J3+'6th - MSCI'!J3 -> 3225551.8
D12: 0.75 | E12: ='Benchmark to beat'!J4 -> 6467452.6 | F12: ='1st - S&P'!J4+'2nd Stock - QQQ'!J4+'3rd - VTI'!J4+'4th - INDA'!J4+'5th - MCHI'!J4+'6th - MSCI'!J4 -> 14550830
D13: 0.95 | E13: ='Benchmark to beat'!J5 -> 17093287 | F13: ='1st - S&P'!J5+'2nd Stock - QQQ'!J5+'3rd - VTI'!J5+'4th - INDA'!J5+'5th - MCHI'!J5+'6th - MSCI'!J5 -> 42184380

Sheet Benchmark to beat
B1: S&P 500 | I1: Percentile Table
B2: Annual Contribution | C2: =Assumptions!$B$4 -> 100000 | F2: Median | G2: =MEDIAN(G9:G10008) -> 3364424.6 | I2: 0.05 | J2: =_xlfn.PERCENTILE.INC($G$9:$G$10008,I2) -> 642808.28
B3: Mean Return | C3: 0.1047 | F3: Mean | G3: =AVERAGE(G9:G10008) -> 5375035.9 | I3: 0.25 | J3: =_xlfn.PERCENTILE.INC($G$9:$G$10008,I3) -> 1684347.3
B4: St. Dev. Of Return | C4: 0.1692 | F4: St. Dev. | G4: =_xlfn.STDEV.S(G9:G10008) -> 6432950.5 | I4: 0.75 | J4: =_xlfn.PERCENTILE.INC($G$9:$G$10008,I4) -> 6467452.6
B5: Time (in Years) | C5: 40 | I5: 0.95 | J5: =_xlfn.PERCENTILE.INC($G$9:$G$10008,I5) -> 17093287
F6: Year End Value | G6: =D48 -> 6270817.7
B7: Year | C7: Return | D7: Year End Value | F7: Iteration | G7: Value
B8: 0 | D8: =C2 -> 100000 | F8: 0 | G8: =G6 -> 6270817.7
B9: 1 | C9: =_xlfn.NORM.INV(RAND(),$C$3,$C$4) -> 0.17881728 | D9: =(D8)*(1+C9) -> 117881.73 | F9: 1 | G9: 6961194.8
B10: 2 | C10: =_xlfn.NORM.INV(RAND(),$C$3,$C$4) -> 0.2862548 | D10: =(D9)*(1+C10) -> 151625.94 | F10: 2 | G10: 3138241
B11: 3 | C11: =_xlfn.NORM.INV(RAND(),$C$3,$C$4) -> 0.061821865 | D11: =(D10)*(1+C11) -> 160999.74 | F11: 3 | G11: 3957918.9
B12: 4 | C12: =_xlfn.NORM.INV(RAND(),$C$3,$C$4) -> 0.19628625 | D12: =(D11)*(1+C12) -> 192601.77 | F12: 4 | G12: 6269129.2
B13: 5 | C13: =_xlfn.NORM.INV(RAND(),$C$3,$C$4) -> 0.46444805 | D13: =(D12)*(1+C13) -> 282055.29 | F13: 5 | G13: 4438008.6
B14: 6 | C14: =_xlfn.NORM.INV(RAND(),$C$3,$C$4) -> 0.044089175 | D14: =(D13)*(1+C14) -> 294490.87 | F14: 6 | G14: 4398274.7
B15: 7 | C15: =_xlfn.NORM.INV(RAND(),$C$3,$C$4) -> -0.12374326 | D15: =(D14)*(1+C15) -> 258049.61 | F15: 7 | G15: 3178290.1
B16: 8 | C16: =_xlfn.NORM.INV(RAND(),$C$3,$C$4) -> 0.21423999 | D16: =(D15)*(1+C16) -> 313334.16 | F16: 8 | G16: 1292483.1
B17: 9 | C17: =_xlfn.NORM.INV(RAND(),$C$3,$C$4) -> -0.021084332 | D17: =(D16)*(1+C17) -> 306727.72 | F17: 9 | G17: 14056544
B18: 10 | C18: =_xlfn.NORM.INV(RAND(),$C$3,$C$4) -> 0.13886606 | D18: =(D17)*(1+C18) -> 349321.79 | F18: 10 | G18: 28783172
B19: 11 | C19: =_xlfn.NORM.INV(RAND(),$C$3,$C$4) -> -0.020322283 | D19: =(D18)*(1+C19) -> 342222.77 | F19: 11 | G19: 370034.71
B20: 12 | C20: =_xlfn.NORM.INV(RAND(),$C$3,$C$4) -> -0.26203783 | D20: =(D19)*(1+C20) -> 252547.46 | F20: 12 | G20: 553086.84
... B48: 40 | C48: =_xlfn.NORM.INV(RAND(),$C$3,$C$4) -> 0.26764777 | D48: =(D47)*(1+C48) -> 6270817.7 | F48: 40 | G48: 2321618.5
F49: 41 | G49: 12764564
F50: 42 | G50: 111101.86
F51: 43 | G51: 1058167.5
F52: 44 | G52: 4760574.6
F53: 45 | G53: 8220619.1
F54: 46 | G54: 2423757.7
F55: 47 | G55: 10035235
F56: 48 | G56: 943690.76
F57: 49 | G57: 1402295.1
F58: 50 | G58: 1181206.9
F59: 51 | G59: 9313186.7
F60: 52 | G60: 4510605.1
... F10008: 10000 | G10008: 4098502.1

Sheet 1st - S&P
B1: S&P 500 | I1: Percentile Table
B2: Annual Contribution | C2: =Assumptions!$B$4*Assumptions!$E$4 -> 16666.667 | F2: Median | G2: =MEDIAN(G9:G10008) -> 554234.03 | I2: 0.05 | J2: =_xlfn.PERCENTILE.INC($G$9:$G$10008,I2) -> 102914.65
B3: Mean Return | C3: 0.1047 | F3: Mean | G3: =AVERAGE(G9:G10008) -> 879399.73 | I3: 0.25 | J3: =_xlfn.PERCENTILE.INC($G$9:$G$10008,I3) -> 280891.67
B4: St. Dev. Of Return | C4: 0.1692 | F4: St. Dev. | G4: =_xlfn.STDEV.S(G9:G10008) -> 1076579.4 | I4: 0.75 | J4: =_xlfn.PERCENTILE.INC($G$9:$G$10008,I4) -> 1077419.7
B5: Time (in Years) | C5: 40 | I5: 0.95 | J5: =_xlfn.PERCENTILE.INC($G$9:$G$10008,I5) -> 2646752.4
F6: Year End Value | G6: =D48 -> 348469.85
B7: Year | C7: Return | D7: Year End Value | F7: Iteration | G7: Value
B8: 0 | D8: =C2 -> 16666.667 | F8: 0 | G8: =G6 -> 348469.85
B9: 1 | C9: =_xlfn.NORM.INV(RAND(),$C$3,$C$4) -> 0.073070632 | D9: =(D8)*(1+C9) -> 17884.511 | F9: 1 | G9: 5976093.7
B10: 2 | C10: =_xlfn.NORM.INV(RAND(),$C$3,$C$4) -> 0.35947425 | D10: =(D9)*(1+C10) -> 24313.531 | F10: 2 | G10: 228959.53
B11: 3 | C11: =_xlfn.NORM.INV(RAND(),$C$3,$C$4) -> 0.50466978 | D11: =(D10)*(1+C11) -> 36583.836 | F11: 3 | G11: 582607.85
B12: 4 | C12: =_xlfn.NORM.INV(RAND(),$C$3,$C$4) -> 0.27258837 | D12: =(D11)*(1+C12) -> 46556.164 | F12: 4 | G12: 741023.78
B13: 5 | C13: =_xlfn.NORM.INV(RAND(),$C$3,$C$4) -> -0.060536973 | D13: =(D12)*(1+C13) -> 43737.795 | F13: 5 | G13: 566269.41
B14: 6 | C14: =_xlfn.NORM.INV(RAND(),$C$3,$C$4) -> -0.053839078 | D14: =(D13)*(1+C14) -> 41382.993 | F14: 6 | G14: 57845.852
B15: 7 | C15: =_xlfn.NORM.INV(RAND(),$C$3,$C$4) -> -0.20552038 | D15: =(D14)*(1+C15) -> 32877.944 | F15: 7 | G15: 651111.33
B16: 8 | C16: =_xlfn.NORM.INV(RAND(),$C$3,$C$4) -> 0.25109202 | D16: =(D15)*(1+C16) -> 41133.334 | F16: 8 | G16: 316030.6
B17: 9 | C17: =_xlfn.NORM.INV(RAND(),$C$3,$C$4) -> 0.035366139 | D17: =(D16)*(1+C17) -> 42588.061 | F17: 9 | G17: 1378611.3
B18: 10 | C18: =_xlfn.NORM.INV(RAND(),$C$3,$C$4) -> 0.05009084 | D18: =(D17)*(1+C18) -> 44721.333 | F18: 10 | G18: 292029.11
B19: 11 | C19: =_xlfn.NORM.INV(RAND(),$C$3,$C$4) -> 0.052864673 | D19: =(D18)*(1+C19) -> 47085.511 | F19: 11 | G19: 649892.67
B20: 12 | C20: =_xlfn.NORM.INV(RAND(),$C$3,$C$4) -> 0.098100603 | D20: =(D19)*(1+C20) -> 51704.628 | F20: 12 | G20: 328571.63
... B48: 40 | C48: =_xlfn.NORM.INV(RAND(),$C$3,$C$4) -> 0.025462914 | D48: =(D47)*(1+C48) -> 348469.85 | F48: 40 | G48: 1587219.5
F49: 41 | G49: 392044.04
F50: 42 | G50: 187323.78
F51: 43 | G51: 770137.09
F52: 44 | G52: 671358.89
F53: 45 | G53: 249468.64
F54: 46 | G54: 723132.94
F55: 47 | G55: 1034734.8
F56: 48 | G56: 174625.11
F57: 49 | G57: 160444.5
F58: 50 | G58: 684650.21
F59: 51 | G59: 2032410.1
F60: 52 | G60: 53699.524
... F10008: 10000 | G10008: 165464.22

Sheet 2nd Stock - QQQ
B1: QQQ trust | I1: Percentile Table
B2: Annual Contribution | C2: =Assumptions!$B$4*Assumptions!$E$5 -> 16666.667 | F2: Median | G2: =MEDIAN(G9:G10008) -> 4512015.3 | I2: 0.05 | J2: =_xlfn.PERCENTILE.INC($G$9:$G$10008,I2) -> 613815.54
B3: Mean Return | C3: 0.17 | F3: Mean | G3: =AVERAGE(G9:G10008) -> 8961013.9 | I3: 0.25 | J3: =_xlfn.PERCENTILE.INC($G$9:$G$10008,I3) -> 1955380.8
B4: St. Dev. Of Return | C4: 0.2132 | F4: St. Dev. | G4: =_xlfn.STDEV.S(G9:G10008) -> 14428760 | I4: 0.75 | J4: =_xlfn.PERCENTILE.INC($G$9:$G$10008,I4) -> 10089337
B5: Time (in Years) | C5: 40 | I5: 0.95 | J5: =_xlfn.PERCENTILE.INC($G$9:$G$10008,I5) -> 31475671
F6: Year End Value | G6: =D48 -> 464663.64
B7: Year | C7: Return | D7: Year End Value | F7: Iteration | G7: Value
B8: 0 | D8: =C2 -> 16666.667 | F8: 0 | G8: =G6 -> 464663.64
B9: 1 | C9: =_xlfn.NORM.INV(RAND(),$C$3,$C$4) -> -0.12129769 | D9: =(D8)*(1+C9) -> 14645.038 | F9: 1 | G9: 2162380.4
B10: 2 | C10: =_xlfn.NORM.INV(RAND(),$C$3,$C$4) -> 0.13791082 | D10: =(D9)*(1+C10) -> 16664.748 | F10: 2 | G10: 4568507.7
B11: 3 | C11: =_xlfn.NORM.INV(RAND(),$C$3,$C$4) -> 0.010810893 | D11: =(D10)*(1+C11) -> 16844.909 | F11: 3 | G11: 2823977
B12: 4 | C12: =_xlfn.NORM.INV(RAND(),$C$3,$C$4) -> 0.32373545 | D12: =(D11)*(1+C12) -> 22298.203 | F12: 4 | G12: 4164950.5
B13: 5 | C13: =_xlfn.NORM.INV(RAND(),$C$3,$C$4) -> 0.55827114 | D13: =(D12)*(1+C13) -> 34746.646 | F13: 5 | G13: 8933197.7
B14: 6 | C14: =_xlfn.NORM.INV(RAND(),$C$3,$C$4) -> 0.16055055 | D14: =(D13)*(1+C14) -> 40325.239 | F14: 6 | G14: 2538374
B15: 7 | C15: =_xlfn.NORM.INV(RAND(),$C$3,$C$4) -> 0.040481338 | D15: =(D14)*(1+C15) -> 41957.658 | F15: 7 | G15: 4301095.3
B16: 8 | C16: =_xlfn.NORM.INV(RAND(),$C$3,$C$4) -> 0.21422001 | D16: =(D15)*(1+C16) -> 50945.829 | F16: 8 | G16: 1385354.7
B17: 9 | C17: =_xlfn.NORM.INV(RAND(),$C$3,$C$4) -> -0.0095974046 | D17: =(D16)*(1+C17) -> 50456.881 | F17: 9 | G17: 1991593.9
B18: 10 | C18: =_xlfn.NORM.INV(RAND(),$C$3,$C$4) -> -0.21449302 | D18: =(D17)*(1+C18) -> 39634.232 | F18: 10 | G18: 1162637.4
B19: 11 | C19: =_xlfn.NORM.INV(RAND(),$C$3,$C$4) -> 0.063496825 | D19: =(D18)*(1+C19) -> 42150.88 | F19: 11 | G19: 5799104.9
B20: 12 | C20: =_xlfn.NORM.INV(RAND(),$C$3,$C$4) -> -0.12870542 | D20: =(D19)*(1+C20) -> 36725.833 | F20: 12 | G20: 5574237.6
... B48: 40 | C48: =_xlfn.NORM.INV(RAND(),$C$3,$C$4) -> 0.30932981 | D48: =(D47)*(1+C48) -> 464663.64 | F48: 40 | G48: 1761745.4
F49: 41 | G49: 3032986.8
F50: 42 | G50: 1232914.2
F51: 43 | G51: 1565977.1
F52: 44 | G52: 3892510
F53: 45 | G53: 18416727
F54: 46 | G54: 6493396.1
F55: 47 | G55: 5971838.5
F56: 48 | G56: 14566159
F57: 49 | G57: 5594767.4
F58: 50 | G58: 9105857.2
F59: 51 | G59: 1389910.7
F60: 52 | G60: 44748166
... F10008: 10000 | G10008: 6790609.4

Sheet 3rd - VTI
B1: Vanguard total stock market index | I1: Percentile Table
B2: Annual Contribution | C2: =Assumptions!$B$4*Assumptions!$E$6 -> 16666.667 | F2: Median | G2: =MEDIAN(G9:G10008) -> 1154991.1 | I2: 0.05 | J2: =_xlfn.PERCENTILE.INC($G$9:$G$10008,I2) -> 251555.2
B3: Mean Return | C3: 0.1231 | F3: Mean | G3: =AVERAGE(G9:G10008) -> 1727732.8 | I3: 0.25 | J3: =_xlfn.PERCENTILE.INC($G$9:$G$10008,I3) -> 618692.65
B4: St. Dev. Of Return | C4: 0.1574 | F4: St. Dev. | G4: =_xlfn.STDEV.S(G9:G10008) -> 1984678 | I4: 0.75 | J4: =_xlfn.PERCENTILE.INC($G$9:$G$10008,I4) -> 2117422.3
B5: Time (in Years) | C5: 40 | I5: 0.95 | J5: =_xlfn.PERCENTILE.INC($G$9:$G$10008,I5) -> 4973411.8
F6: Year End Value | G6: =D48 -> 1488997.1
B7: Year | C7: Return | D7: Year End Value | F7: Iteration | G7: Value
B8: 0 | D8: =C2 -> 16666.667 | F8: 0 | G8: =G6 -> 1488997.1
B9: 1 | C9: =_xlfn.NORM.INV(RAND(),$C$3,$C$4) -> 0.056149219 | D9: =(D8)*(1+C9) -> 17602.487 | F9: 1 | G9: 1189767.8
B10: 2 | C10: =_xlfn.NORM.INV(RAND(),$C$3,$C$4) -> 0.062483744 | D10: =(D9)*(1+C10) -> 18702.356 | F10: 2 | G10: 835204.22
B11: 3 | C11: =_xlfn.NORM.INV(RAND(),$C$3,$C$4) -> 0.042405161 | D11: =(D10)*(1+C11) -> 19495.433 | F11: 3 | G11: 336557.73
B12: 4 | C12: =_xlfn.NORM.INV(RAND(),$C$3,$C$4) -> 0.16080434 | D12: =(D11)*(1+C12) -> 22630.383 | F12: 4 | G12: 2300353.9
B13: 5 | C13: =_xlfn.NORM.INV(RAND(),$C$3,$C$4) -> 0.030595537 | D13: =(D12)*(1+C13) -> 23322.772 | F13: 5 | G13: 591900.74
B14: 6 | C14: =_xlfn.NORM.INV(RAND(),$C$3,$C$4) -> -0.027447705 | D14: =(D13)*(1+C14) -> 22682.615 | F14: 6 | G14: 881613.74
B15: 7 | C15: =_xlfn.NORM.INV(RAND(),$C$3,$C$4) -> 0.02835827 | D15: =(D14)*(1+C15) -> 23325.855 | F15: 7 | G15: 878069.17
B16: 8 | C16: =_xlfn.NORM.INV(RAND(),$C$3,$C$4) -> 0.49577555 | D16: =(D15)*(1+C16) -> 34890.243 | F16: 8 | G16: 1414716.7
B17: 9 | C17: =_xlfn.NORM.INV(RAND(),$C$3,$C$4) -> 0.38984665 | D17: =(D16)*(1+C17) -> 48492.087 | F17: 9 | G17: 938304.53
B18: 10 | C18: =_xlfn.NORM.INV(RAND(),$C$3,$C$4) -> 0.018571136 | D18: =(D17)*(1+C18) -> 49392.641 | F18: 10 | G18: 356530.61
B19: 11 | C19: =_xlfn.NORM.INV(RAND(),$C$3,$C$4) -> 0.29299992 | D19: =(D18)*(1+C19) -> 63864.68 | F19: 11 | G19: 958860.69
B20: 12 | C20: =_xlfn.NORM.INV(RAND(),$C$3,$C$4) -> 0.006312395 | D20: =(D19)*(1+C20) -> 64267.819 | F20: 12 | G20: 3727861.8
... B48: 40 | C48: =_xlfn.NORM.INV(RAND(),$C$3,$C$4) -> 0.11051146 | D48: =(D47)*(1+C48) -> 1488997.1 | F48: 40 | G48: 1911471.4
F49: 41 | G49: 431015.75
F50: 42 | G50: 1523223.7
F51: 43 | G51: 4853984.8
F52: 44 | G52: 4115831.9
F53: 45 | G53: 274595.61
F54: 46 | G54: 347764.33
F55: 47 | G55: 2534114.3
F56: 48 | G56: 10447315
F57: 49 | G57: 4731660.5
F58: 50 | G58: 682548.37
F59: 51 | G59: 1945839.7
F60: 52 | G60: 1749881
... F10008: 10000 | G10008: 889526.47

Sheet 4th - INDA
B1: ishares INDA | I1: Percentile Table
B2: Annual Contribution | C2: =Assumptions!$B$4*Assumptions!$E$7 -> 16666.667 | F2: Median | G2: =MEDIAN(G9:G10008) -> 68923.691 | I2: 0.05 | J2: =_xlfn.PERCENTILE.INC($G$9:$G$10008,I2) -> 9837.6839
B3: Mean Return | C3: 0.0515 | F3: Mean | G3: =AVERAGE(G9:G10008) -> 125791.35 | I3: 0.25 | J3: =_xlfn.PERCENTILE.INC($G$9:$G$10008,I3) -> 31512.815
B4: St. Dev. Of Return | C4: 0.1811 | F4: St. Dev. | G4: =_xlfn.STDEV.S(G9:G10008) -> 181526.1 | I4: 0.75 | J4: =_xlfn.PERCENTILE.INC($G$9:$G$10008,I4) -> 147309.73
B5: Time (in Years) | C5: 40 | I5: 0.95 | J5: =_xlfn.PERCENTILE.INC($G$9:$G$10008,I5) -> 436869.05
F6: Year End Value | G6: =D48 -> 108930.94
B7: Year | C7: Return | D7: Year End Value | F7: Iteration | G7: Value
B8: 0 | D8: =C2 -> 16666.667 | F8: 0 | G8: =G6 -> 108930.94
B9: 1 | C9: =_xlfn.NORM.INV(RAND(),$C$3,$C$4) -> -0.1611377 | D9: =(D8)*(1+C9) -> 13981.038 | F9: 1 | G9: 158282.01
B10: 2 | C10: =_xlfn.NORM.INV(RAND(),$C$3,$C$4) -> 0.022800188 | D10: =(D9)*(1+C10) -> 14299.809 | F10: 2 | G10: 43468.755
B11: 3 | C11: =_xlfn.NORM.INV(RAND(),$C$3,$C$4) -> 0.036881894 | D11: =(D10)*(1+C11) -> 14827.213 | F11: 3 | G11: 80635.49
B12: 4 | C12: =_xlfn.NORM.INV(RAND(),$C$3,$C$4) -> 0.017910879 | D12: =(D11)*(1+C12) -> 15092.781 | F12: 4 | G12: 29738.789
B13: 5 | C13: =_xlfn.NORM.INV(RAND(),$C$3,$C$4) -> 0.18993071 | D13: =(D12)*(1+C13) -> 17959.364 | F13: 5 | G13: 83571.566
B14: 6 | C14: =_xlfn.NORM.INV(RAND(),$C$3,$C$4) -> 0.35650102 | D14: =(D13)*(1+C14) -> 24361.895 | F14: 6 | G14: 12065.283
B15: 7 | C15: =_xlfn.NORM.INV(RAND(),$C$3,$C$4) -> -0.13925942 | D15: =(D14)*(1+C15) -> 20969.272 | F15: 7 | G15: 115531.93
B16: 8 | C16: =_xlfn.NORM.INV(RAND(),$C$3,$C$4) -> 0.25385593 | D16: =(D15)*(1+C16) -> 26292.446 | F16: 8 | G16: 75100.19
B17: 9 | C17: =_xlfn.NORM.INV(RAND(),$C$3,$C$4) -> 0.015189976 | D17: =(D16)*(1+C17) -> 26691.828 | F17: 9 | G17: 55868.563
B18: 10 | C18: =_xlfn.NORM.INV(RAND(),$C$3,$C$4) -> -0.010661468 | D18: =(D17)*(1+C18) -> 26407.253 | F18: 10 | G18: 19903.067
B19: 11 | C19: =_xlfn.NORM.INV(RAND(),$C$3,$C$4) -> -0.2318312 | D19: =(D18)*(1+C19) -> 20285.228 | F19: 11 | G19: 16997.968
B20: 12 | C20: =_xlfn.NORM.INV(RAND(),$C$3,$C$4) -> 0.0084271982 | D20: =(D19)*(1+C20) -> 20456.176 | F20: 12 | G20: 16054.621
... B48: 40 | C48: =_xlfn.NORM.INV(RAND(),$C$3,$C$4) -> -0.046087613 | D48: =(D47)*(1+C48) -> 108930.94 | F48: 40 | G48: 101377.92
F49: 41 | G49: 52814.178
F50: 42 | G50: 306751.65
F51: 43 | G51: 158276.32
F52: 44 | G52: 227737.56
F53: 45 | G53: 77890.208
F54: 46 | G54: 38458.055
F55: 47 | G55: 157247.55
F56: 48 | G56: 154018.68
F57: 49 | G57: 57085.796
F58: 50 | G58: 389351.56
F59: 51 | G59: 22071.824
F60: 52 | G60: 115718.94
... F10008: 10000 | G10008: 325165.62

Sheet 5th - MCHI
B1: ishares MCHI | I1: Percentile Table
B2: Annual Contribution | C2: =Assumptions!$B$4*Assumptions!$E$8 -> 16666.667 | F2: Median | G2: =MEDIAN(G9:G10008) -> 10381.251 | I2: 0.05 | J2: =_xlfn.PERCENTILE.INC($G$9:$G$10008,I2) -> 517.22853
B3: Mean Return | C3: 0.0204 | F3: Mean | G3: =AVERAGE(G9:G10008) -> 37005.744 | I3: 0.25 | J3: =_xlfn.PERCENTILE.INC($G$9:$G$10008,I3) -> 3148.5226
B4: St. Dev. Of Return | C4: 0.2518 | F4: St. Dev. | G4: =_xlfn.STDEV.S(G9:G10008) -> 104094.64 | I4: 0.75 | J4: =_xlfn.PERCENTILE.INC($G$9:$G$10008,I4) -> 31744.581
B5: Time (in Years) | C5: 40 | I5: 0.95 | J5: =_xlfn.PERCENTILE.INC($G$9:$G$10008,I5) -> 148146.67
F6: Year End Value | G6: =D48 -> 2370.4141
B7: Year | C7: Return | D7: Year End Value | F7: Iteration | G7: Value
B8: 0 | D8: =C2 -> 16666.667 | F8: 0 | G8: =G6 -> 2370.4141
B9: 1 | C9: =_xlfn.NORM.INV(RAND(),$C$3,$C$4) -> 0.099481349 | D9: =(D8)*(1+C9) -> 18324.689 | F9: 1 | G9: 1200.7471
B10: 2 | C10: =_xlfn.NORM.INV(RAND(),$C$3,$C$4) -> 0.036169139 | D10: =(D9)*(1+C10) -> 18987.477 | F10: 2 | G10: 126192.12
B11: 3 | C11: =_xlfn.NORM.INV(RAND(),$C$3,$C$4) -> -0.14268831 | D11: =(D10)*(1+C11) -> 16278.186 | F11: 3 | G11: 28054.118
B12: 4 | C12: =_xlfn.NORM.INV(RAND(),$C$3,$C$4) -> -0.13411505 | D12: =(D11)*(1+C12) -> 14095.037 | F12: 4 | G12: 355149.62
B13: 5 | C13: =_xlfn.NORM.INV(RAND(),$C$3,$C$4) -> -0.34502119 | D13: =(D12)*(1+C13) -> 9231.9503 | F13: 5 | G13: 711.15424
B14: 6 | C14: =_xlfn.NORM.INV(RAND(),$C$3,$C$4) -> 0.51144126 | D14: =(D13)*(1+C14) -> 13953.551 | F14: 6 | G14: 13850.723
B15: 7 | C15: =_xlfn.NORM.INV(RAND(),$C$3,$C$4) -> -0.065854455 | D15: =(D14)*(1+C15) -> 13034.647 | F15: 7 | G15: 3299.0217
B16: 8 | C16: =_xlfn.NORM.INV(RAND(),$C$3,$C$4) -> -0.26991178 | D16: =(D15)*(1+C16) -> 9516.4423 | F16: 8 | G16: 64015.26
B17: 9 | C17: =_xlfn.NORM.INV(RAND(),$C$3,$C$4) -> -0.2654696 | D17: =(D16)*(1+C17) -> 6990.1162 | F17: 9 | G17: 1558.7306
B18: 10 | C18: =_xlfn.NORM.INV(RAND(),$C$3,$C$4) -> -0.029599065 | D18: =(D17)*(1+C18) -> 6783.2153 | F18: 10 | G18: 110.24295
B19: 11 | C19: =_xlfn.NORM.INV(RAND(),$C$3,$C$4) -> 0.19090457 | D19: =(D18)*(1+C19) -> 8078.1621 | F19: 11 | G19: 549.97216
B20: 12 | C20: =_xlfn.NORM.INV(RAND(),$C$3,$C$4) -> -0.60630837 | D20: =(D19)*(1+C20) -> 3180.3048 | F20: 12 | G20: 1725.5521
... B48: 40 | C48: =_xlfn.NORM.INV(RAND(),$C$3,$C$4) -> 0.34921903 | D48: =(D47)*(1+C48) -> 2370.4141 | F48: 40 | G48: 18022.676
F49: 41 | G49: 7737.2181
F50: 42 | G50: 36328.684
F51: 43 | G51: 46699.714
F52: 44 | G52: 115.34211
F53: 45 | G53: 13925.57
F54: 46 | G54: 16130.369
F55: 47 | G55: 3429.5489
F56: 48 | G56: 8416.086
F57: 49 | G57: 2265.1259
F58: 50 | G58: 2122.8388
F59: 51 | G59: 9136.862
F60: 52 | G60: 9913.7763
... F10008: 10000 | G10008: 9010.1086

Sheet 6th - MSCI
B1: MSCI World | I1: Percentile Table
B2: Annual Contribution | C2: =Assumptions!$B$4*Assumptions!$E$9 -> 16666.667 | F2: Median | G2: =MEDIAN(G9:G10008) -> 606515.43 | I2: 0.05 | J2: =_xlfn.PERCENTILE.INC($G$9:$G$10008,I2) -> 134959.85
B3: Mean Return | C3: 0.104 | F3: Mean | G3: =AVERAGE(G9:G10008) -> 876311.17 | I3: 0.25 | J3: =_xlfn.PERCENTILE.INC($G$9:$G$10008,I3) -> 335925.31
B4: St. Dev. Of Return | C4: 0.1499 | F4: St. Dev. | G4: =_xlfn.STDEV.S(G9:G10008) -> 920894.25 | I4: 0.75 | J4: =_xlfn.PERCENTILE.INC($G$9:$G$10008,I4) -> 1087597.5
B5: Time (in Years) | C5: 40 | I5: 0.95 | J5: =_xlfn.PERCENTILE.INC($G$9:$G$10008,I5) -> 2503529
B7: Year | C7: Return | D7: Year End Value | F7: Year End Value | G7: =D48 -> 2789718.9
B8: 0 | D8: =C2 -> 16666.667 | F8: Iteration | G8: Value
B9: 1 | C9: =_xlfn.NORM.INV(RAND(),$C$3,$C$4) -> 0.26636074 | D9: =(D8)*(1+C9) -> 21106.012 | F9: 0 | G9: =G7 -> 2789718.9
B10: 2 | C10: =_xlfn.NORM.INV(RAND(),$C$3,$C$4) -> 0.17332676 | D10: =(D9)*(1+C10) -> 24764.249 | F10: 1 | G10: 1738438.5
B11: 3 | C11: =_xlfn.NORM.INV(RAND(),$C$3,$C$4) -> 0.38559478 | D11: =(D10)*(1+C11) -> 34313.214 | F11: 2 | G11: 389577.8
B12: 4 | C12: =_xlfn.NORM.INV(RAND(),$C$3,$C$4) -> -0.15352565 | D12: =(D11)*(1+C12) -> 29045.256 | F12: 3 | G12: 473372.8
B13: 5 | C13: =_xlfn.NORM.INV(RAND(),$C$3,$C$4) -> 0.24233636 | D13: =(D12)*(1+C13) -> 36083.977 | F13: 4 | G13: 238169.57
B14: 6 | C14: =_xlfn.NORM.INV(RAND(),$C$3,$C$4) -> 0.086307372 | D14: =(D13)*(1+C14) -> 39198.291 | F14: 5 | G14: 518665.51
B15: 7 | C15: =_xlfn.NORM.INV(RAND(),$C$3,$C$4) -> 0.18220951 | D15: =(D14)*(1+C15) -> 46340.592 | F15: 6 | G15: 338150.63
B16: 8 | C16: =_xlfn.NORM.INV(RAND(),$C$3,$C$4) -> -0.057120767 | D16: =(D15)*(1+C16) -> 43693.582 | F16: 7 | G16: 215730.08
B17: 9 | C17: =_xlfn.NORM.INV(RAND(),$C$3,$C$4) -> 0.03057975 | D17: =(D16)*(1+C17) -> 45029.721 | F17: 8 | G17: 70492.972
B18: 10 | C18: =_xlfn.NORM.INV(RAND(),$C$3,$C$4) -> -0.15152456 | D18: =(D17)*(1+C18) -> 38206.612 | F18: 9 | G18: 359483.7
B19: 11 | C19: =_xlfn.NORM.INV(RAND(),$C$3,$C$4) -> 0.1741884 | D19: =(D18)*(1+C19) -> 44861.761 | F19: 10 | G19: 226585.62
B20: 12 | C20: =_xlfn.NORM.INV(RAND(),$C$3,$C$4) -> -0.019735275 | D20: =(D19)*(1+C20) -> 43976.402 | F20: 11 | G20: 679319.02
B21: 13 | C21: =_xlfn.NORM.INV(RAND(),$C$3,$C$4) -> 0.33502703 | D21: =(D20)*(1+C21) -> 58709.685 | F21: 12 | G21: 626418.26
... B48: 40 | C48: =_xlfn.NORM.INV(RAND(),$C$3,$C$4) -> 0.062422933 | D48: =(D47)*(1+C48) -> 2789718.9 | F48: 39 | G48: 423315.79
F49: 40 | G49: 654858.65
F50: 41 | G50: 687763.76
F51: 42 | G51: 816852.43
F52: 43 | G52: 269168.43
F53: 44 | G53: 1471570.2
F54: 45 | G54: 729345.03
F55: 46 | G55: 446620.81
F56: 47 | G56: 236494.31
F57: 48 | G57: 412598.65
F58: 49 | G58: 610645.79
F59: 50 | G59: 275189.35
F60: 51 | G60: 326083.18
... F10009: 10000 | G10009: 191917.02

Sheet SPX Historical
A1: Date | B1: Open | C1: High | D1: Low | E1: Close | F1: Adj Close | G1: Volume
A2: 10226 | B2: 17.66 | C2: 17.66 | D2: 17.66 | E2: 17.66 | F2: 17.66 | G2: 0
A3: 10230 | B3: 17.76 | C3: 17.76 | D3: 17.76 | E3: 17.76 | F3: 17.76 | G3: 0
A4: 10231 | B4: 17.719999 | C4: 17.719999 | D4: 17.719999 | E4: 17.719999 | F4: 17.719999 | G4: 0
A5: 10232 | B5: 17.549999 | C5: 17.549999 | D5: 17.549999 | E5: 17.549999 | F5: 17.549999 | G5: 0
A6: 10233 | B6: 17.66 | C6: 17.66 | D6: 17.66 | E6: 17.66 | F6: 17.66 | G6: 0
A7: 10236 | B7: 17.5 | C7: 17.5 | D7: 17.5 | E7: 17.5 | F7: 17.5 | G7: 0
A8: 10237 | B8: 17.370001 | C8: 17.370001 | D8: 17.370001 | E8: 17.370001 | F8: 17.370001 | G8: 0
A9: 10238 | B9: 17.35 | C9: 17.35 | D9: 17.35 | E9: 17.35 | F9: 17.35 | G9: 0
A10: 10239 | B10: 17.469999 | C10: 17.469999 | D10: 17.469999 | E10: 17.469999 | F10: 17.469999 | G10: 0
A11: 10240 | B11: 17.58 | C11: 17.58 | D11: 17.58 | E11: 17.58 | F11: 17.58 | G11: 0
A12: 10243 | B12: 17.290001 | C12: 17.290001 | D12: 17.290001 | E12: 17.290001 | F12: 17.290001 | G12: 0
A13: 10244 | B13: 17.299999 | C13: 17.299999 | D13: 17.299999 | E13: 17.299999 | F13: 17.299999 | G13: 0
... A23324: 44139 | B23324: 3406.46 | C23324: 3486.25 | D23324: 3405.1699 | E23324: 3443.4399 | F23324: 3443.4399 | G23324: 4783040000
